{
  "original_text": "DDCM+GS-Test",
  "extracted_text": "",
  "performance": {
    "image_quality": {
      "PSNR": 51.209007263183594,
      "SSIM": 0.9999146461486816,
      "MSE": 0.4922434389591217,
      "structural_difference": 0.49993985891342163
    },
    "watermark_accuracy": {
      "character_accuracy": 0.0,
      "word_accuracy": 0.0,
      "edit_distance": 12,
      "length_preservation": 0.0
    },
    "overall_score": 0.39998292922973633
  },
  "processing_time": 0.8516886234283447,
  "metadata": {
    "nonce": "a48bf18169c2f91eca0473e6",
    "watermark_length": 32,
    "redundancy_factor": 3,
    "codebook_size": 512,
    "feature_dim": 256
  }
}